filename,category
10001727.pdf,SALES
10005171.pdf,CHEF
10030015.pdf,FINANCE
10041713.pdf,CONSULTANT
10062724.pdf,ACCOUNTANT
10070224.pdf,BANKING
10076271.pdf,ACCOUNTANT
10089434.pdf,PUBLIC-RELATIONS
10100240.pdf,CONSULTANT
10138632.pdf,ARTS
10149490.pdf,CONSULTANT
10176013.pdf,CONSULTANT
10182582.pdf,ARTS
10186968.pdf,DESIGNER
10189110.pdf,HEALTHCARE
10219099.pdf,FINANCE
10228751.pdf,BPO
10235211.pdf,BPO
10235429.pdf,ENGINEERING
10247517.pdf,PUBLIC-RELATIONS
10251432.pdf,CONSULTANT
10265057.pdf,HEALTHCARE
10268614.pdf,ENGINEERING
10276858.pdf,SALES
10281555.pdf,CONSULTANT
10289113.pdf,BPO
10329506.pdf,FITNESS
10332998.pdf,DIGITAL-MEDIA
10333051.pdf,ACCOUNTANT
10333299.pdf,SALES
10344379.pdf,DESIGNER
10395944.pdf,HEALTHCARE
10399912.pdf,CONSTRUCTION
10428916.pdf,ENGINEERING
10464113.pdf,ARTS
10466208.pdf,ACCOUNTANT
10466583.pdf,AUTOMOBILE
10480456.pdf,ACCOUNTANT
10501991.pdf,BPO
10504237.pdf,AVIATION
10515955.pdf,CHEF
10527994.pdf,AVIATION
10541358.pdf,BPO
10549585.pdf,APPAREL
10553553.pdf,PUBLIC-RELATIONS
10554045.pdf,CONSTRUCTION
10554236.pdf,HR
10562768.pdf,FITNESS
10567764.pdf,HEALTHCARE
10568183.pdf,ACCOUNTANT
10568350.pdf,ENGINEERING
10588874.pdf,SALES
10603337.pdf,ARTS
10624813.pdf,FINANCE
10641230.pdf,PUBLIC-RELATIONS
10653119.pdf,SALES
10659182.pdf,AVIATION
10674770.pdf,HR
10694288.pdf,CONSTRUCTION
10704573.pdf,BPO
10712803.pdf,FINANCE
10724818.pdf,ARTS
10734870.pdf,CONSULTANT
10738095.pdf,TEACHER
10748989.pdf,AUTOMOBILE
10751444.pdf,AUTOMOBILE
10816645.pdf,ENGINEERING
10818478.pdf,ARTS
10820510.pdf,CONSULTANT
10830646.pdf,DIGITAL-MEDIA
10873344.pdf,CHEF
10876132.pdf,FITNESS
10889157.pdf,SALES
10898339.pdf,ARTS
10909673.pdf,FITNESS
10909720.pdf,AVIATION
10926726.pdf,AUTOMOBILE
10945968.pdf,HEALTHCARE
10953078.pdf,ACCOUNTANT
10984392.pdf,DIGITAL-MEDIA
10985403.pdf,FINANCE
11005406.pdf,PUBLIC-RELATIONS
11020140.pdf,DIGITAL-MEDIA
11065180.pdf,FITNESS
11088337.pdf,BPO
11121498.pdf,SALES
11137306.pdf,HEALTHCARE
11152490.pdf,AVIATION
11155153.pdf,AUTOMOBILE
11160414.pdf,BANKING
11163645.pdf,HR
11169163.pdf,HEALTHCARE
11174187.pdf,ACCOUNTANT
11183737.pdf,HEALTHCARE
11187796.pdf,ADVOCATE
11188218.pdf,DESIGNER
11197262.pdf,INFORMATION-TECHNOLOGY
11209758.pdf,SALES
11232471.pdf,TEACHER
11257723.pdf,ARTS
11262933.pdf,FITNESS
11266906.pdf,FITNESS
11270462.pdf,CHEF
11289482.pdf,BPO
11333001.pdf,HEALTHCARE
11333660.pdf,DIGITAL-MEDIA
11336022.pdf,AVIATION
11360471.pdf,ENGINEERING
11393213.pdf,CONSULTANT
11409460.pdf,FINANCE
11415967.pdf,DIGITAL-MEDIA
11432686.pdf,BANKING
11441764.pdf,APPAREL
11444536.pdf,SALES
11480899.pdf,CONSTRUCTION
11490673.pdf,APPAREL
11551946.pdf,BPO
11555549.pdf,ADVOCATE
11592605.pdf,CONSTRUCTION
11614114.pdf,HEALTHCARE
11616482.pdf,AVIATION
11624880.pdf,BANKING
11635137.pdf,BANKING
11637468.pdf,FITNESS
11650031.pdf,CONSULTANT
11672279.pdf,FITNESS
11676151.pdf,ACCOUNTANT
11677012.pdf,CHEF
11677077.pdf,ARTS
11698189.pdf,CONSTRUCTION
11722421.pdf,AUTOMOBILE
11752500.pdf,HEALTHCARE
11759079.pdf,HR
11763983.pdf,CONSTRUCTION
11773767.pdf,DESIGNER
11773925.pdf,DESIGNER
11797122.pdf,HEALTHCARE
11804712.pdf,HEALTHCARE
11807040.pdf,AUTOMOBILE
11813872.pdf,PUBLIC-RELATIONS
11835339.pdf,DIGITAL-MEDIA
11842274.pdf,SALES
11842348.pdf,FITNESS
11850315.pdf,BANKING
11877150.pdf,APPAREL
11887930.pdf,ACCOUNTANT
11890896.pdf,FINANCE
11902276.pdf,BANKING
11919526.pdf,AUTOMOBILE
11943065.pdf,AVIATION
11958994.pdf,AUTOMOBILE
11959428.pdf,HEALTHCARE
11963737.pdf,DESIGNER
11981094.pdf,FINANCE
11995013.pdf,HEALTHCARE
12011623.pdf,FINANCE
12043694.pdf,HEALTHCARE
12059198.pdf,BPO
12059610.pdf,ENGINEERING
12065211.pdf,HR
12071138.pdf,APPAREL
12082377.pdf,ARTS
12085736.pdf,CHEF
12122372.pdf,TEACHER
12144825.pdf,FINANCE
12155206.pdf,AVIATION
12171093.pdf,DESIGNER
12202337.pdf,HR
12212468.pdf,CONSULTANT
12230301.pdf,BPO
12251115.pdf,DIGITAL-MEDIA
12334650.pdf,SALES
12338274.pdf,HR
12341902.pdf,AVIATION
12351749.pdf,BPO
12374933.pdf,PUBLIC-RELATIONS
12377803.pdf,BPO
12386670.pdf,ADVOCATE
12413512.pdf,ADVOCATE
12415691.pdf,AUTOMOBILE
12442909.pdf,HR
12467531.pdf,AVIATION
12491898.pdf,CONSULTANT
12526702.pdf,DIGITAL-MEDIA
12544735.pdf,DESIGNER
12546838.pdf,BPO
12547982.pdf,AUTOMOBILE
12587973.pdf,AVIATION
12632728.pdf,FITNESS
12654876.pdf,CONSULTANT
12666174.pdf,CONSULTANT
12668625.pdf,ADVOCATE
12669075.pdf,BANKING
12674256.pdf,FITNESS
12693146.pdf,CONSULTANT
12696104.pdf,ARTS
12777487.pdf,AVIATION
12780508.pdf,HR
12802330.pdf,HR
12814706.pdf,BPO
12858898.pdf,APPAREL
12860543.pdf,AUTOMOBILE
12897903.pdf,DIGITAL-MEDIA
12955994.pdf,DIGITAL-MEDIA
13080868.pdf,BPO
13087952.pdf,AVIATION
13199813.pdf,BPO
13272204.pdf,HEALTHCARE
13296856.pdf,AVIATION
13328680.pdf,CHEF
13330982.pdf,AVIATION
13574264.pdf,BPO
13888506.pdf,BPO
13964744.pdf,FITNESS
14106638.pdf,APPAREL
14140903.pdf,INFORMATION-TECHNOLOGY
14181049.pdf,APPAREL
14455622.pdf,HEALTHCARE
14508237.pdf,ARTS
15053703.pdf,BANKING
15100547.pdf,DESIGNER
15145575.pdf,PUBLIC-RELATIONS
15210069.pdf,FITNESS
15484011.pdf,ENGINEERING
15546686.pdf,ACCOUNTANT
15573418.pdf,FITNESS
15603319.pdf,INFORMATION-TECHNOLOGY
15790602.pdf,CHEF
16172429.pdf,FITNESS
16332293.pdf,HEALTHCARE
16492045.pdf,ACCOUNTANT
17510973.pdf,FITNESS
18589927.pdf,APPAREL
19362586.pdf,FITNESS
23933031.pdf,CONSTRUCTION
24727739.pdf,AVIATION
26829350.pdf,HEALTHCARE
27710853.pdf,BPO
30709029.pdf,ARTS
3547447.pdf,FITNESS
